,meaning
"צה""ל","צבא ההגנה לישראל, הצבא הלאומי של מדינת ישראל"
BDA,Bomb damage assessment‏
BOQ,Bachelors' Officers' Quarters
IAI,Israel Aerospace Industries
"א""א",אויר־אויר
"א""ג",איכות גבולית
"א""מ",אגף מודיעין
"א""ק",אוויר-קרקע
"א""ש",אי-שוויון
א',אחראי ל־
"אא""ע",אחראי איכות ענפי
"אב""ט",אב טיפוס
"אב""ך","אטומי, ביולוגי, כימי"
"אב""ם",אבטחת מִבצעים
"אב""צ",אביזר צמוד
"אבד""ש",אבזְרי דיבור ושֵמע
"אבו""ן",אגף הבינוי והנכסים
"אבח""ץ",אבטחה וחילוץ
"אבח""ר",
"אבט""ם",האגף הביטחוני־מדיני
"אבט""ש",אבטחה שוטפת
"אבס""ר",אבטחה וסיור
"אבש""ר",אבקת שריפה
"אג""א",אגף האפסנאות
"אג""ם",אגף המטה הכללי
"אג""מ",אגף מטה
"אג""ס",אזור גאוגרפי-סטטיסטי
"אג""ת",אגף תכנון
"אגו""ז",אנטי גרילה ולוחמה זעירה
"אגמ""ק","אלונקה, ג'ריקן, מכשיר קשר"
"אגמ""ר",אוגדה מרחבית
"אגנ""ם",אֶגֶד נֶגֶד־מטוסים
"אד""ל",אזור דרום לבנון
"אה""ד",אגף הדרכה
"אהו""ב",אגף ההנדסה והבינוי
"או""ק",אות קריאה
"או""ת",ארגון ותקינה
"אוגמ""ר",אוגדה מרחבית
"אוה""ד",ארגון והדרכה
"אז""מ",אוירון זעיר ממדים
"אזח""ע",אזור חבל עזה
"אח""י",אניית חיל הים
"אחמ""ס",אחראי חומר מסווג
"אט""ל",אגף הטכנולוגיה והלוגיסטיקה
"אט""מ",אין טיסות מתוכננות
"אימון דו""ץ",אימון
"אכ""א",אגף כוח אדם
"אל""ח",האגודה למען החייל
"אל""ל",אימון לפני לחימה
"אל""ם",אלוף משנה
"אלמ""ר",אגד לוגיסטיקה מרחבי
"אלפ""א",אמצעי לנשיאת פגזים ארטילריים
"אלפ""ה",אמצעי לפיזור הפגנות
"אלר""ם",אגף הלוגיסטיקה הרפואה והמרכזים
"אמ""ט",אזור מוגן טילים
"אמ""ל",אין מה להוסיף
"אמ""ם",אמצעים מיוחדים
"אמ""ן",אגף מודיעין
"אמ""ץ",אזור מוכה ציפורים
"אמל""ח",אמצעי לחימה
"אנא""נ","אין נזק, אין נפגעים"
"אנו""ח",איסוף נתונים וחללים
"אס""ם",איסוף וסימון מטרות
"אס""ק",אווירת סוף קורס
"אסו""ם","אימון, סדר ומשמעת"
"אע""צ","אזרח עובד צה""ל"
"ארמו""ן",אמצעים רגישים מפוקחים ונשק
"אתג""ר בצצ""ת ערפ""ד מקרט""ע בא""ר","אור, תנועה, גוון, רעש, ברק, צל, צורה, תוואי לוואי, עקבות, ריח, פרט נוף בודד, דיבור, מעטפת, קשר, רוח, טרמי"
"ב""ח",בית חדש - חיבורו של הרב יואל סירקיש על הארבעה טורים
"בא""ח",בן איש חי
"באלי""ש",בסיס אימון ליחידות שדה
"בד""ח",בדיקת חיוניות
"בדה""ת",בדיקת היתכנות
"בה""ד",בסיס הדרכה
"בהל""ץ",בית הספר להנדסה צבאית
"בזנ""ט",ברזל זווית נגד טנקים
"בזנ""ת",ברזל זווית נגד תיל
"בח""א",בסיס חיל אוויר
"בח""ג",בחזקת חוגר
"בח""ק",בחזקת קצין
"בט""פ",ביטחון פנים
"בט""ר",בסיס טירונות
"בט""ש",ביטחון שוטף
"ביח""ש",בית חולים שדה
"ביסה""ת",בית ספר להנדסאי תעופה
"ביסל""א",בית ספר להגנה אווירית
"ביסל""ח","בית הספר למקצועות החי""ר של חיל האוויר"
"ביסל""ט",בית הספר למקצועות הטכניים
"ביסל""ק",בית ספר לקצינים
"ביסל""ש",בית הספר למקצועות שריון
"ביסל""ת",בית הספר לתותחנות שדה
"ביסלמ""ח","בית הספר למפקדי כיתות ומקצועות חי""ר"
"ביסלמ""כ","בית הספר למ""כים"
"ביסלמ""ש",בית הספר למודיעין שדה
"ביסמ""ת",בית ספר למקצועות תעופה
"בלמ""ס",בלתי מסווג
"בלת""מ",בלתי מתוכנן
"במצ""א",בית מפעל לציוד אלקטרוני
"בנ""ג",בני גרעין
"בנג""ע",בן גרעין
"בס""כ",בסיס כליאה
"בסמ""ח",בית ספר למקצועות המחשב
"בצ""ם",בסיס ציוד מרחבי
"בצ""ת",בסיס ציוד ותובלה
"בק""א",בקרת איכות
"בקו""ם",בסיס קליטה ומיון
"בקנ""ז",בקרת נזקים
"בקר""י",בקרת ירי
"ברה""ן",
"ברה""ץ",בריאות הצבא
ג,"גִּימֶ""ל: האות השלישית בסדר האלפבית העברי; ערכה המספרי 3"
"גא""פ",ג'יהאד איסלמי פלסטיני
"גד""ב",גדוד בינוני
"גד""ם",גדוד מובילים
"גדמ""ז",גדודי נוער מזרחנים
"גדנ""ע",גדודי נוער
"גדס""ר",גדוד סיור
"גכ""א",גף כוח אדם
"גל""ץ","גלי צה""ל"
"גלח""ץ",גילוח צחצוח
"ד""צ",דואר צבאי
"דבל""א",דין בין־לאומי
"דגמ""ח",דגם חדש
"דד""מ",דיר דו מטוסי
"דו""ץ","דובר צה""ל"
"דח""ש",דחיית שירות
"דמ""צ",דירקטור מקרב הציבור
"דמ""ש",דמי משלוח
"דפ""א",דיודה פולטת אור
"דפ""ע",דפוס פעולה / דרך פעולה
"דפ""ר",דפוס ראשון
"דת""ק",דיר תת קרקעי
"הג""א",התגוננות אזרחית
"הגנ""א",הגנה אווירית
"הגנ""ק",הגנה קרקעית
"הגנ""ש",הגנת יישובים
"הח""פ",החלפת פיקוד
"הט""מ",הוראה טכנית מיוחדת
"הסב""ש",הסברה שבועית
"הפ""ע",הוראת פיקוד עליון
"הפס""ד",הפרות סדר
"הצ""ח",הצבת חירום
"הק""א","הוראות קבע אכ""א"
"וח""ק",ועדת חקירה
"ולת""ם",ועדה לתיאום שירות מילואים
"וע""ר",
"ור""פ",וועדה רפואית
"ותק""ץ","ותיק צה""ל"
"ז""ח",זיהוי חללים
"זבב""ם",
"זו""ק",זיהוי וקבורה
"זחל""ם",זחלי למחצה
"זחל""מ",זחלי למחצה
"זע""ט",זיהוי עמית-טורף
"ח""א",חיל אויר
"ח""י",חוק יסוד
"ח""ל",חייב לעבור
"ח""ן",חיל נשים
"ח""ק",חברה קדישא
"ח""ש",חודר שריון
"חג""ד",חובש גדודי
"חג""ם",חיל הגנה מרחבית
"חה""א",חיל האוויר
"חה""י",חיל הים הישראלי
"חה""ן",חיל הנדסה
"חה""ס",חג הסוכות
"חו""ד",חוות דעת
"חו""פ",חילוץ ופינוי
"חוג""ד",חובש גדודי
"חופ""ל",חובש פלוגתי
"חזל""ש",חזרה לשגרה
"חט""כ",חטיבת כוח
"חט""ל",חטיבה טכנולוגית ליבשה
"חט""ם",חטיבת המחקר
"חטמ""ר",חטיבה מרחבית
"חי""א",חיל אויר
"חי""ח",חיל החימוש
"חי""מ",חיל משמר
"חי""ק",חיל הקשר
"חי""ר",חיל רגלים
"חי""ש",חיל שריון
"חיר""מ",חיל רגלים מעולה
"חירמ""כ",חיל רגלים ממוכן
"חכ""ל",החייל הכללי
"חל""כ",חומרי לחימה כימיים
"חמ""ל",חדר מלחמה
"חמ""מ",חשמלאי מטוסים
"חמ""ן",חיל מודיעין
"חמ""ץ",חיל המשטרה הצבאית
"חנ""ה",חומר נפץ הודף
"חנ""ך",חיל חינוך
"חנ""כ",חיל החינוך והנוער
"חנ""מ",חומר נפץ מרסק
"חנת""ר",חניך תורן
"חפ""ק",חבורת פיקוד קדמית
"חפ""ש",חייל פשוט
"חפש""ש",חופשת שחרור
"חק""ש",חיל קשישים
"חקש""ב",חוקר שבויים
"חר""פ",חיל רפואה
"חרמ""ש",חיל רגלים משוריין
"חש""ל",חיל שלישות
"חש""ן",חיל השריון
"חש""ץ",
"חת""מ",חיל התותחנים
"חת""ק",חיל תחזוקה
"חתומכ""א",חטיבת התכנון ומנהל כוח האדם
"ט""ש",טרום שינה
"טא""א",טיל אויר אויר
"טא""ק",טיל אויר קרקע
"טג""ח","טיפוס, גלישה וחילוץ"
"טג""ש",טנק גישור
"טד""א",טכנאי דרג א'
"טד""ח",טנק דחפור
"טו""פ",טכנולוגיה ופיתוח
"טחל""ץ",טנק חילוץ
"טל""מ",טיפוח לימודי מזרחנות
"טמ""מ",טוב מותי מחיי
"טנ""א",טכנולוגיה ואחזקה
"טק""א",טיל קרקע-אויר
"טק""ק",טיל קרקע-קרקע
"טקא""ר",טיל קרקע אויר
"טר""צ",טרום צבאי
"טר""ש",טוראי ראשון
"יא""א",יחידת אחזקה אווירית
"יאל""מ",יחידה ארצית לחקירות מבצעיות
"יב""א",יחידת בקרה אווירית
"יב""ן",יחידה לביטחון נמלים
"יבד""צ",יחידת בתי הדין הצבאיים
"יוהל""ם","יועצת הרמטכ""ל לענייני מגדר"
"יוהל""ן","יועצת הרמטכ""ל לענייני נשים"
"יועכ""ל",יועץ כלכלי
"יח""ט",יחידה חטיבתית
"יח""ש",יחידות שדה
"יחמ""ם",יחידת מודיעין מטרות
"יחמ""מ",יחידת מודיעין מטרות
"יחמ""ן",יחידת מודיעין
"יחס""פ",יחידת סילוק פצצות
"יחצ""א",יחידת החילוץ וההצלה הארצית
"יטא""פ",יחידת טכנולוגיה ואחזקה פיקודית
"ילת""ם",יחידה למשימות תת-מימיות
"ימ""ג",יחידת משמר הגבול
"ימ""ח",יחידת מחסני חירום
"ימ""ל",יחידה מחוץ לצבא
"ימ""ס",יחידת מסתערבים
"ינ""ט",יחידת ניסוי טילים
"יעח""ק",ייעוץ וחקיקה
"יק""ל",יחידת הקישור ללבנון
"יק""ר",
"יקל""ר",יחידת קישור לרשות
"ירי דו""צ",ירי דו צדדי
"ירפ""א",יחידת הרפואה האווירית
"יש""י",יחידת השליטה הימית
"כ""כ",
"כ""ל",כושר לקוי
"כ""מ",כושר מוגבל
"כ""ק",כושר קרבי
"כטב""ם",כלי טיס בלתי־מאויש
"כתב""צ",כתיבה צבאית
"ל""א",לפני אחרון
"לב""ב",לחימה בשטח בנוי
"לה""א",להק אויר
"לוט""ם",היחידה לתקשוב וטכנולוגית המידע
"לוט""ר",לוחמה בטרור
"למד""ן",להק מודיעין
"לצ""ד",להק הציוד
"לש""ב",לוחמה בשֶׁטַח בנוי
"לש""ב לוט""ר",לוחמה בשטח בנוי במסגרת לוחמה בטרור
"מ""א",מספר אישי
"מ""ג",מפקד גף
"מ""ט",מאי טעמא
"מ""כ",מפקד כיתה
"מ""מ",ממלא מקום
"מ""פ",מפקד פלוגה
"מ""צ",משטרה צבאית
"מ""ק",מחנה קבע
"מא""ב",מאבחן ביטחוני
"מא""ג",מקלע אחיד גדודי
"מא""ה","מיון, איתור והתאמה"
"מא""ט",מרכז לאימונים טקטיים
"מא""ל",מרכז לאימונים לוגיסטיים
"מא""ש",מרכז לאימונים באש
"מאו""ג",מפקד אוגדה
"מב""א",מערכת בקרת אש
"מב""ל",המכללה לביטחון לאומי
"מב""מ",מרכז בקרה ומיתוג
"מב""ס",מפקד בסיס
"מב""ר","מש""ק בינה רשתית"
"מבד""ק",מבדקי קצונה
"מבק""א",מפקד בקרת איכות
"מג""ב",משמר הגבול
"מג""ד",מפקד גדוד
"מג""ל",מביא גאולה לעולם
"מג""מ",מפקד גף מטוסים
"מגכ""א",מפקד גף כח אדם
"מד""כ",מדריך כלואים
"מד""ן",מדריך נוער
"מד""ס",מדריך ספורט
"מד""ר",מדרש רבה
"מדא""ג",מדריכת אימון גופני
"מו""ג","[צה""ל] מבצעים וגיחות"
"מוד""ש",מודיעין שדה
"מודא""ל",מודיעין אלקטרוני
"מונ""ר",מוקש נגד רכב
"מור""ק",מורשת קרב
"מז""י",מפקדת זרוע היבשה
"מז""ש",מזרון שטח
"מזל""ט",מטוז זעיר ללא טייס
"מזקו""ם","מערכת זחלים, קפיצים ומרכובים"
"מח""א",מפקד חיל האוויר
"מח""ט",מפקד חטיבה
"מח""י",מפקד חיל הים
"מחב""ש",מחלקת ביטחון שדה
"מט""מ",מפקד טייסת מינהלה
"מט""ק",מפקד טנק
"מט""ת",מפקד טייסת תעופה
"מטכ""ל",המטה הכללי
"מטע""ד",מטען ייעודי
"מטר""ב",מטרת ביניים
"מטת""א",מפקד טייסת תחזוקה אוירית
"מיח""ה",מפקדת יחידות בקרה
"מכ""א",מספן כוח אדם
"מכא""ם",מפקדת כוחות אויר מיוחדים
"מכהנ""ם","מפקדת כוחות הנ""מ"
"מכהנ""מ","מפקד כוחות הנ""מ"
"מל""ח",משק לשעת חירום
"מל""ט",מטוס ללא טייס
"מל""ם",מודיעין לקראת משימה
"מל""ש",מרכז לימודי שדה
"מלא""מ",מרכז לאימון משימתי
"מלש""ב",מועמד לשירות ביטחון
"ממ""ח",מפקד מחלקה
"ממ""ס",מכונאי מטוסים
"ממ""ק",מילימטר מעוקב
"ממח""ג",מפקד מחלקת חימוש גדודית
"ממצ""פ",מפקד משטרה צבאית פיקודי
"ממר""ם",מרכז מיכון רישום ממוכן
"ממת""ם","מערכות מידע, תהליכים ומחשוב"
"מנ""ט",מרכז ניסוי טיסה
"מנ""ת","מודיעין, ניווט, תחקור"
"מנה""ג",מנהל גיוס
"מס""ר",מפקד סירת
"מסו""ל",מפקד סוללה
"מסח""א",מספר חיל אוויר
"מסק""ר",מסוק קרב
"מע""ד",מכשיר עזר דיבורי
"מפ""ז",מרכז פענוח זירתי
"מפ""ט",מחסנאי פקיד טכני
"מפ""טיה",מכולת אחסון
"מפ""ם",מפלגת הפועלים המאוחדת
"מפ""צ",מפקד צוות
"מפא""ת","מנהל למחקר ופיתוח אמל""ח ותשתיות טכנולוגיות"
"מפח""ט",מפקדת חטיבה
"מפח""י",מפקדת חיל הים
"מפח""ש",מפקדת חילות שדה
"מפי""כ",מוצב פיקוד כנפי
"מפל""ג",מפקד פלגה
"מפל""ז",מפלי בזלת
"מפמ""ר",מפקד מרכז
"מפצ""ר",מפקדת
"מפק""ץ",מפקד צוות
"מצ""ח",משטרה צבאית חוקרת
"מצ""ל",מצבת לוחמים
"מצב""ה",מצב הכוחות
"מצל""ח",מרכז ציוד לחימה וחלפים
"מצפ""ע",מוצב הפיקוד העליון
"מצר""פ",מרכז ציוד רפואי
"מק""ב",מקלע בינוני
"מק""כ",מקלע כבד
"מק""ר",מפקדה ראשית
"מקהנ""ר",מפקדת קצין הנדסה ראשי
"מקח""ר",מפקדת קצין החינוך הראשי
"מקל""פ",מקלע פלוגתי
"מקל""ר",מקלע רימונים
"מקמנ""ר",מפקדת קצין המודיעין הראשי
"מקמש""ר",מפקדת קצין מודיעין שדה ראשי
"מקרפ""ח",מפקדת קצין רפואה חיילי
"מקרפ""ר",מפקדת קצין רפואה ראשי
"מקשל""ר",מפקדת קצין השלישות הראשי
"מקשנ""ר",מפקדת קצין השיריון הראשי
"מקתמ""ר",מפקדת קצין התותחנים הראשי
"מר""פ",מפקד רפואה פיקודי
"מרה""ס",מרכז ההספקה
"מרנ""ט",מטול רקטות נגד טנקים
"מרפ""א",מרפאה אזורית
"מרפ""ז",מרכז פענוח זירתי
"מרפ""מ",מרכז פעילות מודיעין מאוחד
"מרת""ח",מרכז תחמושת
"מש""ה",מדף שפת התקפה
"מש""ט",מפקד שייטת
"מש""ק",מפקד שאינו קצין
"משא""ן",משאבי אנוש
"משב""ט",
"משב""ם",מוות שאינו בפעילות מבצעית
"משה""ב",
"משה""ד","מש""ק הדרכה"
"משהב""ט",
"משל""ב",מפקד שלב
"משל""ט",מוצב שליטה
"משק""ש","מש""ק שלישות"
"מת""ט",מתקן תרגול טקטי
"מת""פ",מפקד התותחנים הפיקודי
"מת""ק",מנהלת תיאום וקישור
"מת""ש",מינהל תשלומים
"מתו""ב","משאבים, תכנון ובקרה"
"מתיל""ן","מארב, תצפית, יירוט ולוחמה ניידת"
"מתפ""ש",מתאם פעולות הממשלה בשטחים
"נ""א",נגד אדם
"נ""ט",צבא נגד טנקים
"נ""מ",נגד מטוסים
"נ""נ",נושא נשק
"נא""ה",נשק אל הרג
"נב""ז",נוהל בזבוז זמן
"נגמ""כ",נושא גייסות משוריין כבד
"נגמ""ש",נושא גייסות משוריין
"נגמחו""ן","נגמ""ש מוגן גחון"
"נגמשו""ט","נגמ""ש מבוסס שוט"
"נדב""ר","נוהל דיבור ברשת/רדיו -מילות קוד ונהלים מוסכמים של דיבור ברשת הקשר האלחוטית בצה""ל"
"נו""ב",ניטור ובקרה
"נומ""ט",נושא מטוסים
"נז""א",נזק אגבי
"נח""ל",נוער חלוצי לוחם
"ני""כ",ֳ# ניתוחים כלכליים
"ניתו""ב",נִהוּל תַּקְצִיב וּבַקָּרָה
"נמ""ר","נגמ""ש חי""ר"
"נפג""מ",נפגע מדומה
"נק""ל",נשק קל
"נקח""ל",נציב קבילות חיילים
"נקנ""ש",ניקיון נשק
"נש""ב","ניתוב, שליטה ובקרה"
"נש""מ",נשק מונחה
"נש""ר",ניווט וקשר
"נשמ""ת",נשק מונחה ותחמושת
"ס""ב",סודי ביותר
"ס""מ",סגן מפקד
"ס""פ",
"סא""ל",סגן אלוף
"סג""ם",סגן משנה
"סג""ר",סגן ראשון
"סד""ג",סדר גודל
"סד""כ",סדר כוחות
"סד""פ",סדר דין פלילי
"סח""י",סיכום חדשות יומי
"סחת""ם",סירת תותחנים
"סט""ר",
"סטי""ל",ספינת טילים
"סיו""ש",סיור ימי ושליטה
"סכמ""ש",סיכום שבוע
"סמ""ב","סמ""ל בכיר"
"סמ""ח",סמל מחלקה
"סמ""ט",סימן טוב
"סמ""ל",סגן מחוץ למנין
"סמ""פ",סגן מְפקד פלוגה
"סמ""ר","סמ""ל ראשון"
"סמאו""ג",סגן מפקד אוגדה
"סמב""ס",סגן מפקד בסיס
"סמב""ץ","סמ""ל מבצעים"
"סמב""צ",סמל מבצעים
"סמג""ד",סגן מפקד גדוד
"סמו""ר",סליקים ומנהרות
"סמח""ט",סגן מפקד חטיבה
"סמטכ""ל","מטכ""ל"
"סמסו""ל",סגן מפקד סוללה
"סס""ל",סרט סימון לבן
"ספי""ר",סילוק פצצות אויר
"סצ""ר",סניגור צבאי ראשי
"סרס""פ",סגן רב סמל פלוגתי
"סרע""ן",סגן ראש ענף
"סרע""נ",סגן ראש ענף
"סת""ח",ספינת תותחים
"סת""פ",סמל תורן פלוגתי
"עב""ס",עבודות בסיס
"עימו""ג",עימות מוגבל
"עלמ""ש",עליית משמר
"עמ""נ",עתודת מיקוש ניידת
"עת""ף",עמדת תצפית פנורמית
"פ""ג",פעילות גופנית
"פ""ט",פרח טיס
"פ""מ","פקודת מטכ""ל"
"פ""ק",פרופיל קרבי
"פד""ם",פיקוד דרום
"פו""ם",פוליטיקה וממשל
"פו""ש",פלוגות שדה
"פומ""ה",פורץ מכשולים הנדסי
"פז""ם",פרק זמן מינימלי
"פזצט""א","פֹּל, זְחַל, צְפֶה, טְוָח, אֵשׁ!"
"פח""ח","פרטיזנים, חיילים וחלוצים"
"פח""ע",פעילות חבלנית עוינת
"פכט""ת","פניה,כיוון,טווח,תיאור"
"פל""ה","[צה""ל] פלוגת הובלה"
"פל""ם",פלוגת ממתינים
"פלה""ס","[צה""ל] פלוגת הספקה"
"פלה""ק",פלוגת החייאה קדמית
"פלחה""ן",פלוגת חבלה והנדסה
"פלחו""ד",פלוגת חוד
"פלחי""ק",פלוגת חיל קשר
"פלי""ם",פלוגה ימית
"פלמ""ס",פלוגה מסייעת
"פלנ""ט",פלוגה נגד טנקים
"פלס""ר",פלוגת סער
"פלר""ן",פלוגת רפואה נפתית
"פנמ""צ",פנימייה צבאית
"פצ""ן",פיקוד הצפון
"פצ""ר",
"פצמ""ט",פְּצָצַת מָטוֹל
"פצמ""ר",פְּצָצַת מַרְגֵמָה
"פק""ל","פקודת קבע לקרב – בעגה הצבאית, הציוד האישי שהחיל נושא עליו בעת פעילות מבצעית"
"פק""ר",פקיד ראשי
"פק""ש","פקדונות עו""ש"
"פקל""צ",פקודת קבע לצוער
"פקל""ש",פקיד/ת לשכה
"פקמ""צ",פקיד מבצעים
"פקמ""ר",פיקוד מרחבי
"פקסו""ל",פקיד סוללה
"פקע""ר",פיקוד העורף
"צ""א",צוות אוויר
"צב""ם",ציוד בין מחלקתי
"צד""כ",ציון דירוג כללי
"קטנא""ר","[צה""ל] קצין הטכנולוגיה והאחזקה הראשי"
"צח""מ",צוות חטיבתי משוריין
"צי""ח",[מודיעין] ציון ידיעות חיוניות
"צל""מ","ציוד לחימה מבוקר : נשק החייל, אמצעי ירי"
"צל""ש",ציון לשבח
"צמ""ה",ציוד מכני הנדסי
"צנ""ף",צנחן נֶפֶל
"צפ""ח",צפע חיל רגלים
"צפ""ט",צופן פענוח טכנולוגי
"צפ""ר",צופן פענוח רדיו
"צפ""ש",צפע שריון
"צפל""ד","צעיר, פעור, לח ודביק"
"צק""ר",ציוד קשר רדיו
"ק""ס",קצין סיור
"קא""ב",קצין אקדמי בכיר
"קא""ג",קצין אימון גופני
"קא""ל",קצין אוכלוסייה
"קא""מ",קורס אימון מבצי
"קא""ס",קצין אספקה
"קא""ר",קצין ארגון רפואה
"קאס""א",קצין אספקה אוגדתי
"קאס""ר",קצין איסוף קרבי ראשי
"קב""א",קבוצת איכות
"קב""ן",קצין בריאות הנפש
"קב""ר",קבלן ראשי
"קב""ש",קצין ביטחון שדה
"קבו""ד",קצין בודק
"קד""צ",קדם צבאי
"קד""ר",קליטה דרך הרגליים
"קה""ד",קצין הדרכה
"קה""ש",קושי הסתגלות
"קהנ""ר",קצין ההנדסה הראשי
"קז""ק",קצין זימון קורסים
"קח""ר",קצין החינוך הראשי
"קח""ש",קצין חימוש
"קחש""ר",קצין החימוש הראשי
"קט""א",קצין טכנולוגיה ואחזקה
"קל""ב","[סלנג, צה""ל]קרוב לבית"
"קל""ג",קצין לוגיסטיקה גדודי
"קל""ח",קצין לוגיסטיקה חטיבתי
"קל""פ",קצין לוגיסטיקה פיקודי
"קל""ר",קצין הלוגיסטיקה הראשי
"קלאו""ג",קצין הלוגיסטיקה האוגדתי
"קמ""א",קצין מקצועי אקדמי
"קמ""ט",קצין מטה
"קמ""מ",קצין מבצעים מיוחדים
"קמ""ן",קצין מודיעין
"קמ""ץ",קצין המשטרה הצבאית
"קמ""ש",קילומטרים לשעה
"קמב""ץ",קצין מבצעים
"קמל""ר",קצין המילואים הראשי
"קמנ""ר",קצין המודיעין הראשי
"קמצ""ר",קצין משטרה צבאית ראשי
"קמרשהלור""ל",קצין מטבח ראשי שנותן הוראות ליוסיפון ובא רק לטעום
"קמש""ר",קצין מודיעין שדה ראשי
"קס""ס","[צה""ל] קורס סייר סדיר"
"קסל""פ",קצין סילוק פצצות
"קסל""ר",קצין סלט ראשי
"קע""ת",קצין עמדת תותחנים
"קפ""ט",קצין פרויקט
"קפ""ס",קצין פסיכולוגיה
"קפל""ד",קסדת פלדה
"קפלס""ט",קסדת פלסטיק
"קצ""א",קצין אחזקה
"קצ""ט",קצין טכני
"קק""צ",קורס קצינים
"קר""ח",קצין רישום חניכים
"קר""פ",קצין רפואה
"קרל""ג",קרל גוסטב
"קרפ""א",קצין רפואה אוגדתי
"קרפ""ג",קצין רפואה גדודי
"קרפ""ח",קצין רפואה חטיבתי
"קרפ""פ",קצין רפואה פעילה
"קרפ""ר",קצין הרפואה הראשי
"קש""א",קצין שיתוף אש
"קש""ב",
"קש""ז",
"קש""י",קצין שלישות היבשה
"קש""ל",קצין שלישות
"קש""ם",קשר-מודיעין
"קשל""א",קצין שלישות אוגדתי
"קשל""ח",קצין שלישות חטיבתי
"קשל""ט",קצין שליטה
"קשל""פ",קצין שלישות פיקודי
"קשל""ר",קצין השלישות הראשי
"קשנ""ר",קצין
"קשר""ג",קצין קשר גדודי
"קשר""ר",קצין התקשוב הראשי
"קת""ח",קצין תחזוקה
"קת""ק",קצין תצפית קדמי
"קתמ""ר",קצין התותחנים הראשי
"ר""ז",רב זרועי
"ר""צ",ראש צוות
"רא""ל",רב-אלוף
"רא""ת",רכז אמצעי תקשוב
"רב""ט",רב טוראי
"רב""ץ",הרבנות הצבאית הראשית
"רבצ""ח",רב צבאי חילי
"רבצ""ר",רב צבאי ראשי
"רה""ל",רוח הלחימה
"רוב""צ",רובה צלפים
"רומ""ט",רובה מִטָעֵן
"רוס""ר",רובה סער
"רח""ט",ראש חטיבה
"רח""ל",ראש חוליה
"רט""ר",רב טוראי ראשון
"רכ""א",רכז כח אדם
"רל""ש",ראש לשכה
"רלכ""א",ראש להק כוח אדם
"רלמד""ן",ראש להק מודיעין
"רלצ""ד",ראש להק ציוד
"רמ""ד",ראש מדור
"רמ""ח",ראש מחלקה
"רמ""ט",ראש מטה
"רמ""ס",רמת סיכון
"רמ""פ",רמת פעילות
"רמ""ק",רבי משה קורדברו
"רמטכ""ל",ראש מטה כללי
"רמכ""א",ראש מספן כוח אדם
"רמשל""ק",ראש מוצב שליטה קדמית
"רנ""ג",רב נגד
"רנ""מ",רב נגד משנה
"רס""ב","רב סמ""ל בכיר"
"רס""ג",רבי סעדיה גאון
"רס""ל","רב סמ""ל"
"רס""ם","רב סמ""ל מתקדם"
"רס""ן",רב סרן
"רס""פ",רב סמל פלוגתי
"רס""ר","רב סמ""ל ראשון"
"רע""ל",רצון עז לקרב
"רע""ם",הרפובליקה הערבית המאוחדת
"רע""ן",ראש ענף
"רפא""ל",רשות פיתוח אמצעי לחימה
"רצ""ר",רבנות צבאית ראשית
"רק""ם",רֶכֶב קרבי משוריין
"רק""מ",רכב קרבי משוריין
"רק""ק",רקטת קרקע-קרקע
"ררנ""ט",רומֶה רימונים נגד טנקים
"רת""ח",ראש תחום
"רת""ם",ראש תחום מטוסים
"רתל""ם",ראשי-תיבות לא מובנים
"ש""ג",שוטר גדודי
"ש""כ",שימוש כללי
"ש""צ",שבתאי צבי
"שבו""ז",
"שבצ""ק","צה""ל שיבוץ קרבי"
"שבצ""ר",", שיבוץ ראשוני"
"שד""מ",שדה מוקשים
"שו""ב",שוחט ובודק
"שו""ס",שותפות סוד
"שו""ש",שישי ושבת –
"שוה""ם","שיווק והעתקת מחנות צה""ל"
"שח""מ",שירות חובה משטרתי
"שח""ע",שפנפן חד עיני
"שח""ר",שיבוץ וחזרה לשירות
"שכ""ט",שכר־טוראי
"שכפ""ץ",שכבת פיצוץ
"שכפו""ד","שכפ""ץ ואפוד"
"של""ג",
"של""ת",שירות ללא תשלום
"שמ""פ",שירות מילואים פעיל
"שס""נ",שירות סדיר נוסף
"שפצ""ר",שפר צורה או שיפור צורה
"שפצו""ר",שיפור צורה
"שק""ל",שירות קנטינות לחייל
"שק""ם",שרות קנטינות ומזנונים
"שק""מ",שירות קנטינות ממונע
"שק""ש",שק שינה
"ת""א",תחבושת אישית
"ת""ס",תרגילי סדר
"ת""פ",תחת פיקוד
"ת""ש",תנאי שירות
"תא""ל",תת אלוף
"תא""ס",תכנון אסטרטגי
"תאג""ד",תחנת איסוף גדודית
"תב""ן",תקופה בלתי נמנית
"תד""ח",תדלוק חם
"תד""ל",תובלת דרג לוחם
"תו""ל",תום לב
"תו""ת",תכנון ותקציבים
"תוד""א",תודעת אויב
"תול""ר",תותח ללא רתע
"תומ""ל",תומך לחימה
"תומ""ת",תותח מתנייע
"תומכ""ל",תומך לחימה
"תח""ש",תורת חיל שריון
"תמ""מ",תקשוב מערכות מידע
"תמ""ק",תת מקלע
"תס""ח",תרגילי סדר חמושים
"תע""א",תעשייה אווירית
"תע""ש",התעשייה הצבאית
"תצ""א",תצלום אוויר
"תצ""ר",תובע צבאי ראשי
"תקשו""ב","תקשורת, שליטה ובקרה"
"תר""ש",תכנית רב שנתית
"תרג""ד",תרגיל גדודי
"תשמ""ש",תשלומי משפחה
"תת""ש",תאריך תום שרות
"תתל""ג",תרגול תאורטי ללא גיָסות
